City_ID,City,Lat,Lng,Max Temp,Humidity,Cloudiness,Wind Speed,Country,Date
0,kodiak,57.79,-152.4072,3.73,56,75,4.12,US,1715202648
1,port-aux-francais,-49.35,70.2167,4.52,77,93,10.02,TF,1715202645
2,kulhudhuffushi,6.6221,73.07,29.91,73,90,4.59,MV,1715202706
3,maymana,35.9214,64.7836,24.37,42,15,1.34,AF,1715202751
4,kingston,17.997,-76.7936,29.53,74,75,2.06,JM,1715201948
5,nisporeni,47.0814,28.1783,12.44,56,100,1.7,MD,1715202751
6,college,64.8569,-147.8028,12.82,52,75,3.6,US,1715202679
7,kupang,-10.1667,123.5833,24.32,100,5,1.03,ID,1715202752
8,badger,64.8,-147.5333,12.77,49,75,3.6,US,1715202753
9,asekeyevo,53.5742,52.7972,2.3,84,18,3.52,RU,1715202753
10,adamstown,-25.066,-130.1015,21.93,78,100,2.58,PN,1715202754
11,st. john's,47.5649,-52.7093,6.55,93,100,6.17,CA,1715202754
12,puerto natales,-51.7236,-72.4875,0.25,100,100,2.06,CL,1715202651
13,edinburgh of the seven seas,-37.0676,-12.3116,14.77,65,78,11.69,SH,1715202648
14,kirakira,-10.4544,161.9205,27.31,78,100,4.26,SB,1715202756
15,langepas,61.2544,75.2124,0.12,90,99,3.5,RU,1715202756
16,riberalta,-10.9833,-66.1,32.07,57,12,1.44,BO,1715202757
17,grytviken,-54.2811,-36.5092,-2.99,72,7,3.75,GS,1715202757
18,udachny,66.4167,112.4,-6.97,89,31,3.19,RU,1715202758
19,arteche,12.2645,125.4048,25.61,88,99,1.53,PH,1715202758
20,margaret river,-33.95,115.0667,17.31,47,100,6.32,AU,1715202679
21,susuman,62.7833,148.1667,-1.12,83,89,1.34,RU,1715202689
22,teguise,29.0605,-13.564,20.12,60,20,6.17,ES,1715202729
23,isangel,-19.55,169.2667,23.07,62,78,6.7,VU,1715202727
24,arawa,-6.2132,155.5367,26.81,89,96,0.95,PG,1715202760
25,machico,32.7,-16.7667,19.35,82,20,1.54,PT,1715202761
26,puerto ayora,-0.7393,-90.3518,30.98,93,100,1.34,EC,1715202761
27,banda aceh,5.5577,95.3222,27.23,81,95,1.95,ID,1715202762
28,yellowknife,62.456,-114.3525,16.34,43,0,2.68,CA,1715202762
29,san patricio,28.017,-97.5169,33.05,57,100,6.12,US,1715202762
30,punta arenas,-53.15,-70.9167,3.06,93,100,3.09,CL,1715202763
31,inderbor,48.55,51.7833,9.69,68,87,7.97,KZ,1715202763
32,port mathurin,-19.6833,63.4167,25.14,69,97,11.61,MU,1715202665
33,avarua,-21.2078,-159.775,29.03,84,75,4.12,CK,1715202587
34,saipan,15.1355,145.701,28.39,83,75,5.66,MP,1715202509
35,codrington,-38.2667,141.9667,9.16,84,38,2.45,AU,1715202766
36,olonkinbyen,70.9221,-8.7187,-1.59,97,100,10.82,SJ,1715202767
37,talnakh,69.4865,88.3972,-11.0,82,98,1.87,RU,1715202767
38,daru,-9.0763,143.2092,25.13,94,100,8.27,PG,1715202767
39,papatowai,-46.5619,169.4708,4.12,81,10,2.68,NZ,1715202768
40,wailua homesteads,22.0669,-159.378,26.24,86,100,4.12,US,1715202768
41,port elizabeth,-33.918,25.5701,17.95,87,100,0.89,ZA,1715202654
42,tanjungagung,-3.9333,103.8,22.66,97,48,1.0,ID,1715202769
43,invercargill,-46.4,168.35,1.12,97,6,1.34,NZ,1715202653
44,georgetown,5.4112,100.3354,28.96,83,20,2.57,MY,1715202237
45,kaa-khem,51.6833,94.7333,13.0,62,6,3.0,RU,1715202771
46,aasiaat,68.7098,-52.8699,-4.76,76,81,4.05,GL,1715202671
47,anadyr,64.75,177.4833,-6.72,67,0,7.0,RU,1715202772
48,waitangi,-43.9535,-176.5597,10.46,85,100,0.89,NZ,1715202644
49,kailua-kona,19.6406,-155.9956,26.98,76,0,5.14,US,1715202728
50,afaahiti,-17.75,-149.2833,27.93,84,88,7.92,PF,1715202774
51,saint-philippe,-21.3585,55.7679,23.77,73,89,7.06,RE,1715202775
52,grand falls-windsor,48.9332,-55.6649,8.61,83,98,3.87,CA,1715202709
53,abqaiq,25.9371,49.6776,27.03,33,52,6.07,SA,1715202776
54,borgarnes,64.5383,-21.9206,6.03,69,40,3.09,IS,1715202776
55,mananwala,31.5842,73.6878,30.78,14,0,2.71,PK,1715202777
56,thompson,55.7435,-97.8558,15.87,31,57,2.35,CA,1715202676
57,borovskoy,53.8,64.15,17.0,53,100,8.01,KZ,1715202779
58,culebra,18.303,-65.301,27.86,77,44,0.89,PR,1715202779
59,blackmans bay,-43.0167,147.3167,10.41,96,41,1.69,AU,1715202780
60,ushuaia,-54.8,-68.3,-1.26,94,10,1.15,AR,1715202496
61,naze,28.3667,129.4833,18.15,62,100,7.82,JP,1715202745
62,olovyannaya,50.95,115.5667,7.29,30,24,0.66,RU,1715202781
63,port blair,11.6667,92.75,26.02,94,20,1.03,IN,1715202782
64,grand forks,47.9417,-97.4337,21.85,44,40,5.14,US,1715202782
65,sidi bennour,32.6524,-8.4277,17.93,75,36,2.79,MA,1715202783
66,tura,25.5198,90.2201,20.57,65,24,1.63,IN,1715202670
67,bethel,41.3712,-73.414,29.47,64,0,4.63,US,1715202649
68,gouyave,12.1646,-61.7296,28.47,78,28,6.74,GD,1715202784
69,fes al bali,34.0701,-4.9547,25.07,33,0,2.06,MA,1715202785
70,albany,42.6001,-73.9662,26.36,42,2,6.83,US,1715202346
71,whitehorse,60.7161,-135.0538,8.78,49,96,8.49,CA,1715202670
72,vilyuchinsk,52.9306,158.4028,2.15,84,100,2.88,RU,1715202786
73,uturoa,-16.7333,-151.4333,27.75,77,43,6.36,PF,1715202672
74,hadibu,12.65,54.0333,29.14,74,1,1.61,YE,1715202787
75,pau brasil,-15.4642,-39.6511,22.68,81,0,1.84,BR,1715202787
76,utrik,11.2278,169.8474,27.07,77,100,9.49,MH,1715202650
77,bredasdorp,-34.5322,20.0403,12.68,84,0,1.51,ZA,1715202788
78,todos santos,23.45,-110.2167,35.17,52,53,5.66,MX,1715202789
79,koulamoutou,-1.1303,12.4736,24.52,93,100,0.6,GA,1715202789
80,stanley,54.868,-1.6985,12.09,83,0,4.63,GB,1715202790
81,jeremoabo,-10.075,-38.4808,25.88,72,64,4.32,BR,1715202790
82,hithadhoo,-0.6,73.0833,27.49,82,100,7.9,MV,1715202668
83,piti village,13.4626,144.6933,28.03,86,100,4.12,GU,1715202791
84,machina,13.1364,10.0492,33.85,11,68,3.32,NG,1715202792
85,east london,-33.0153,27.9116,21.27,84,93,4.78,ZA,1715202620
86,upington,-28.4478,21.2561,19.18,39,5,3.3,ZA,1715202706
87,dudinka,69.4058,86.1778,-10.74,94,100,3.13,RU,1715202794
88,khandyga,62.6667,135.6,2.07,88,100,2.33,RU,1715202794
89,teuva,62.4819,21.7416,-0.24,59,100,0.99,FI,1715202795
90,haiku-pauwela,20.9219,-156.3051,26.23,68,20,9.77,US,1715202795
91,praya,14.9215,-23.5087,25.3,69,0,4.12,CV,1715202796
92,saint-francois,46.4154,3.9054,11.69,83,0,3.09,FR,1715202796
93,lompoc,34.6391,-120.4579,24.36,59,0,7.72,US,1715202719
94,srednebelaya,50.6594,128.0106,5.21,39,0,7.56,RU,1715202798
95,parras de la fuente,25.4167,-102.1833,33.77,9,100,8.22,MX,1715202798
96,diego de almagro,-26.3667,-70.05,24.17,18,98,3.21,CL,1715202799
97,masuguru,-11.3667,38.4167,22.25,82,30,1.65,TZ,1715202799
98,klyuchi,52.2667,79.1667,12.04,56,11,3.05,RU,1715202800
99,pechora,65.1472,57.2244,1.59,91,100,4.47,RU,1715202800
100,al burayqah,30.4062,19.5739,23.96,47,0,6.95,LY,1715202801
101,simanggang,1.2472,111.4528,23.49,100,100,1.2,MY,1715202801
102,atafu village,-8.5421,-172.5159,29.57,75,32,5.46,TK,1715202802
103,medina de pomar,42.9294,-3.488,11.59,92,48,1.47,ES,1715202803
104,colac,-38.3333,143.5833,12.27,81,80,1.9,AU,1715202523
105,meadow lake,34.8014,-106.5436,22.99,15,0,10.43,US,1715202753
106,maposeni,-10.5833,35.4,15.95,89,0,0.8,TZ,1715202559
107,nar'yan-mar,67.6713,53.087,-4.94,88,100,7.15,RU,1715202804
108,ta`u,-14.2336,-169.5144,29.08,78,99,6.68,AS,1715202805
109,dwarka,22.2394,68.9678,27.12,88,0,6.67,IN,1715202805
110,motygino,58.1831,94.7592,2.66,81,85,5.36,RU,1715202806
111,buka,40.8108,69.1986,24.64,37,99,1.7,UZ,1715202806
112,cabo san lucas,22.8909,-109.9124,33.17,25,20,2.06,MX,1715202807
113,weno,7.4515,151.8468,27.97,83,75,3.09,FM,1715202688
114,stornoway,58.2093,-6.3865,11.88,94,100,7.2,GB,1715202807
115,iqaluit,63.7506,-68.5145,-1.28,74,46,7.15,CA,1715202808
116,pirae,-17.5167,-149.5333,29.01,74,40,2.57,PF,1715202808
117,nemuro,43.3236,145.575,3.2,80,12,3.8,JP,1715202809
118,tazacorte,28.629,-17.9293,22.3,78,100,2.06,ES,1715202728
119,alice springs,-23.7,133.8833,9.75,81,3,3.6,AU,1715202662
120,kasongo-lunda,-6.4667,16.8167,26.0,60,100,0.86,CD,1715202810
121,ankang,32.68,109.0172,17.39,97,100,0.99,CN,1715202811
122,suva,-18.1416,178.4415,24.71,78,20,1.54,FJ,1715202811
123,nova sintra,14.8667,-24.7167,24.12,74,0,7.68,CV,1715202695
124,hilo,19.7297,-155.09,25.85,75,40,4.63,US,1715202813
125,petropavlovsk-kamchatsky,53.0452,158.6483,1.33,78,75,3.58,RU,1715202813
126,papao,-17.75,-149.55,28.82,80,93,7.34,PF,1715202697
127,holualoa,19.6228,-155.9522,24.91,76,0,5.14,US,1715202718
128,darnah,32.767,22.6367,18.31,77,40,5.58,LY,1715202815
129,alvaraes,-3.2208,-64.8042,30.93,96,88,1.69,BR,1715202678
130,sisimiut,66.9395,-53.6735,-1.29,77,67,2.77,GL,1715202816
131,nuevitas,21.5453,-77.2644,28.33,66,0,5.38,CU,1715202817
132,kloulklubed,7.0419,134.2556,27.28,77,60,3.53,PW,1715202685
133,bilibino,68.0546,166.4372,-2.05,84,99,0.94,RU,1715202818
134,lebu,-37.6167,-73.65,10.78,70,48,1.95,CL,1715202819
135,longyearbyen,78.2186,15.6401,0.91,60,20,5.14,SJ,1715202803
136,west island,-12.1568,96.8225,26.99,83,75,5.14,CC,1715202651
137,gemena,3.25,19.7667,22.74,98,100,1.76,CD,1715202821
138,bonthe,7.5264,-12.505,28.09,80,90,3.41,SL,1715202822
139,constantia,44.1833,28.65,11.38,82,69,6.45,RO,1715202822
140,el calafate,-50.3408,-72.2768,0.0,72,98,0.82,AR,1715202735
141,alaghsas,17.0187,8.0168,34.16,10,94,4.22,NE,1715202529
142,hermanus,-34.4187,19.2345,14.22,78,0,2.83,ZA,1715202823
143,fort bragg,35.139,-79.006,31.91,59,40,4.63,US,1715202824
144,selfoss,63.9331,-20.9971,6.14,61,11,4.11,IS,1715202686
145,carutapera,-1.195,-46.02,25.96,86,69,2.29,BR,1715202825
146,sandnessjoen,66.0217,12.6316,7.06,65,75,3.6,NO,1715202748
147,opuwo,-18.0607,13.84,23.52,43,69,0.85,NA,1715202826
148,kruisfontein,-34.0033,24.7314,16.05,74,76,0.91,ZA,1715202826
149,bizerte,37.2744,9.8739,15.71,79,26,7.41,TN,1715202827
150,sona,45.4388,10.8255,16.75,88,40,2.06,IT,1715202730
151,mersing,2.4312,103.8405,25.2,92,93,1.19,MY,1715202828
152,peace river,56.2501,-117.286,16.89,34,82,7.41,CA,1715202606
153,mount isa,-20.7333,139.5,19.87,83,75,2.06,AU,1715202829
154,illela,13.7292,5.2975,34.81,20,87,1.33,NG,1715202829
155,manokwari,-0.8667,134.0833,25.9,85,100,1.44,ID,1715202830
156,salahonda,2.1019,-78.7217,25.09,89,100,2.29,CO,1715202830
157,oruro,-17.9833,-67.15,16.18,19,4,4.68,BO,1715202831
158,vytegra,61.0064,36.4481,-0.91,64,100,6.26,RU,1715202831
159,say,13.1007,2.3689,38.1,17,33,2.94,NE,1715202832
160,arraial do cabo,-22.9661,-42.0278,25.92,83,0,4.12,BR,1715202832
161,sarkand,45.41,79.9186,15.63,44,8,2.85,KZ,1715202833
162,lubang,13.8584,120.124,28.64,77,14,7.55,PH,1715202833
163,juticalpa,14.65,-86.2,39.15,21,79,3.15,HN,1715202834
164,breclav,48.759,16.882,12.47,72,62,3.83,CZ,1715202834
165,bata,1.8639,9.7658,27.3,87,100,1.96,GQ,1715202835
166,enewetak,11.3474,162.3373,27.61,77,99,8.46,MH,1715202678
167,nchelenge,-9.3451,28.734,21.69,59,100,2.53,ZM,1715202836
168,sur,22.5667,59.5289,33.01,48,30,1.97,OM,1715202836
169,villa gesell,-37.2639,-56.973,13.36,61,60,13.53,AR,1715202831
170,vineland,39.4862,-75.0257,31.12,42,0,6.17,US,1715202008
171,touros,-5.1989,-35.4608,26.98,82,49,4.78,BR,1715202838
172,laguna,38.421,-121.4238,26.41,23,0,9.77,US,1715202838
173,viedma,-40.8135,-62.9967,9.25,49,6,6.65,AR,1715202271
174,idrinskoye,54.3708,92.1358,10.53,54,99,2.8,RU,1715202839
175,la passe,45.5549,-0.8967,17.13,87,37,4.72,FR,1715202673
176,cidreira,-30.1811,-50.2056,24.47,76,100,5.75,BR,1715202649
177,nefteyugansk,61.0998,72.6035,2.2,93,100,5.36,RU,1715202841
178,port lincoln,-34.7333,135.8667,14.77,83,74,4.36,AU,1715202841
179,rajaori,33.3833,74.3,21.74,39,0,3.0,IN,1715202842
180,kolokani,13.5728,-8.0339,35.53,23,38,3.06,ML,1715202842
181,kristiansund,63.1115,7.732,9.03,66,75,4.63,NO,1715202665
182,ascension,30.2169,-90.9001,33.12,69,100,6.17,US,1715202843
183,tiksi,71.6872,128.8694,-7.22,93,75,2.79,RU,1715202844
184,kapuskasing,49.4169,-82.4331,10.56,50,94,5.66,CA,1715202669
185,escalante,10.8167,123.5,26.52,81,100,0.92,PH,1715202846
186,vicuna,-30.0319,-70.7081,23.76,16,0,1.61,CL,1715202752
187,ilulissat,69.2167,-51.1,-2.99,74,100,0.0,GL,1715202654
188,manggar,-2.8833,108.2667,27.5,81,100,1.87,ID,1715202847
189,tolanaro,-25.0319,46.9987,22.65,87,62,5.97,MG,1715202847
190,al ghayzah,16.2079,52.176,29.8,73,0,4.12,YE,1715202848
191,vadso,70.0744,29.7487,-1.51,86,75,3.09,NO,1715202671
192,praia da vitoria,38.7333,-27.0667,17.64,84,14,3.93,PT,1715202849
193,sakakah,29.9697,40.2064,22.76,15,0,4.36,SA,1715202850
194,antalaha,-14.9003,50.2788,22.43,86,73,3.75,MG,1715202851
195,amga,60.8953,131.9608,2.1,83,100,4.03,RU,1715202851
196,novyy oskol,50.7631,37.8691,4.87,68,21,3.76,RU,1715202852
197,inirida,3.8653,-67.9239,33.65,55,84,1.34,CO,1715202852
198,sitka,57.0531,-135.33,8.94,76,100,4.12,US,1715202678
199,fortuna,40.5982,-124.1573,18.85,60,20,7.2,US,1715202853
200,aykhal,66.0,111.5,-11.1,99,92,2.73,RU,1715202731
201,cockburn town,21.4612,-71.1419,25.32,72,0,7.17,TC,1715202646
202,chotila,22.4167,71.1833,28.94,52,0,7.0,IN,1715202854
203,ormara,25.2088,64.6357,27.32,87,0,2.55,PK,1715202855
204,marakkanam,12.2,79.95,28.9,83,92,2.85,IN,1715202855
205,lienz,46.8289,12.769,12.33,92,100,2.04,AT,1715202856
206,kone,-21.0595,164.8658,21.67,67,0,2.3,NC,1715202856
207,walvis bay,-22.9575,14.5053,15.61,75,0,2.69,NA,1715202857
208,karasu,41.071,30.7854,14.95,71,43,0.97,TR,1715202857
209,berdigestyakh,62.0989,126.6992,-0.28,87,75,3.34,RU,1715202858
210,elk city,35.412,-99.4043,26.99,27,0,1.54,US,1715202567
211,brigantine,39.4101,-74.3646,32.11,50,0,10.8,US,1715202859
212,hawaiian paradise park,19.5933,-154.9731,25.73,75,40,4.63,US,1715202650
213,rackeve,47.161,18.9448,16.31,82,86,2.57,HU,1715202860
214,tateyama,34.9833,139.8667,12.83,84,100,8.01,JP,1715202860
215,isafjordur,66.0755,-23.124,1.0,76,6,3.64,IS,1715202861
216,vorgashor,67.5833,63.95,-9.55,93,100,4.09,RU,1715202661
217,lihue,21.9789,-159.3672,26.58,81,100,4.12,US,1715202674
218,hamilton,39.1834,-84.5333,28.66,61,20,3.6,US,1715202719
219,new norfolk,-42.7826,147.0587,11.07,99,77,0.93,AU,1715202863
220,ribeira grande,38.5167,-28.7,17.22,82,40,5.14,PT,1715202658
221,sinabang,2.4803,96.3801,26.69,86,68,1.7,ID,1715202733
222,asubulaq,49.5583,83.0558,9.16,67,0,1.21,KZ,1715202864
223,fada,9.5667,8.3,26.66,63,70,1.28,NG,1715202865
224,golyshmanovo,56.3979,68.3728,14.74,48,100,8.48,RU,1715202865
225,mira taglio,45.43,12.1197,18.32,77,0,3.09,IT,1715202866
226,bure,10.7,37.0667,22.38,28,86,2.63,ET,1715202866
227,yuzhno-kurilsk,44.0306,145.8556,2.99,95,76,4.02,RU,1715202667
228,lerwick,60.1545,-1.1494,9.0,97,100,8.36,GB,1715202867
229,keflavik,64.0049,-22.5624,5.24,75,40,4.63,IS,1715202705
230,hailar,49.2,119.7,6.42,30,5,2.89,CN,1715202868
231,nema,57.5067,50.5011,-2.18,88,65,4.72,RU,1715202869
232,tual,-5.6667,132.75,28.09,76,85,6.22,ID,1715202646
233,south hedland,-20.4089,118.5983,17.96,48,0,4.12,AU,1715202870
234,collie,-33.3667,116.15,15.47,46,100,3.64,AU,1715202870
235,at-bashi,41.1702,75.8106,13.88,36,39,1.5,KG,1715202871
236,hashtpar,37.8008,48.9037,14.82,91,100,0.36,IR,1715202871
237,hammerfest,70.6634,23.6821,2.25,51,0,6.17,NO,1715202697
238,flying fish cove,-10.4217,105.6791,26.82,89,100,5.14,CX,1715202673
239,pisco,-13.7,-76.2167,22.03,73,0,4.12,PE,1715202602
240,nova xavantina,-14.6667,-52.35,25.5,66,3,1.18,BR,1715202873
241,yaren,-0.5472,166.916,29.05,76,69,5.49,NR,1715202873
242,gorontalo,0.5412,123.0595,24.09,97,100,1.39,ID,1715202874
243,north madison,38.7678,-85.3966,26.73,73,40,1.54,US,1715202874
244,bandipura,34.4167,74.65,12.95,44,0,4.84,IN,1715202875
245,geraldton,-28.7667,114.6,23.23,31,100,8.75,AU,1715202875
246,punasa,22.2333,76.4,33.95,26,68,3.18,IN,1715202876
247,mount pearl,47.5166,-52.7813,6.09,90,100,6.17,CA,1715202876
248,prince rupert,54.3161,-130.3201,11.05,78,100,6.17,CA,1715202877
249,pilsrundale,56.4167,24.0,4.63,57,95,2.5,LV,1715202877
250,dunedin,-45.8742,170.5036,4.89,84,4,2.67,NZ,1715202741
251,childress,34.4264,-100.204,28.29,23,0,2.06,US,1715202814
252,mount gambier,-37.8333,140.7667,7.73,90,29,0.81,AU,1715202655
253,leninskoye,41.7589,69.3864,21.6,41,100,2.52,KZ,1715202880
254,menongue,-14.6585,17.691,18.83,79,45,0.89,AO,1715202880
255,kharkhorin,47.1975,102.8238,4.61,82,100,3.54,MN,1715202881
256,bereznik,62.8551,42.7072,-3.51,76,100,5.17,RU,1715202664
257,bikenibeu village,1.3673,173.1241,28.78,73,48,5.66,KI,1715202882
258,chisineu-cris,46.5333,21.5167,15.67,95,8,2.61,RO,1715202882
259,cam ranh,11.9214,109.1591,26.98,89,75,4.12,VN,1715202883
260,egilsstadir,65.2653,-14.3948,5.1,73,67,3.16,IS,1715202732
261,tartagal,-22.5164,-63.8013,16.62,96,100,4.04,AR,1715202627
262,tezu,27.9167,96.1667,21.74,61,99,1.76,IN,1715202884
263,sao joao da barra,-21.6403,-41.0511,26.05,89,0,4.4,BR,1715202653
264,sao tome,0.3365,6.7273,27.87,84,99,3.14,ST,1715202885
265,cambridge,43.3601,-80.3127,18.79,66,20,11.83,CA,1715202649
266,camabatela,-8.1881,15.375,20.07,65,77,1.33,AO,1715202886
267,tazovsky,67.4667,78.7,-15.44,99,69,3.03,RU,1715202887
268,juneau,58.3019,-134.4197,8.01,95,100,9.26,US,1715202887
269,la rioja,42.25,-2.5,10.88,87,90,1.8,ES,1715202695
270,suonenjoki,62.6167,27.1333,-1.85,56,4,0.62,FI,1715202888
271,ihosy,-22.4,46.1167,17.6,88,80,3.86,MG,1715202888
272,webster city,42.4694,-93.816,26.18,35,0,6.69,US,1715202889
273,darwin,-12.4611,130.8418,23.99,89,14,0.51,AU,1715202889
274,aral,40.5156,81.2636,24.42,35,16,2.45,CN,1715202890
275,sydney mines,46.2367,-60.2177,12.3,81,40,5.66,CA,1715202890
276,qui nhon,13.7667,109.2333,24.39,92,21,2.62,VN,1715202891
277,wynyard,-41.0,145.7167,11.39,83,34,3.26,AU,1715202891
278,hotan,37.0997,79.9269,21.79,17,0,1.73,CN,1715202891
279,partenit,44.578,34.3446,12.4,88,100,2.77,UA,1715202892
280,taoudenni,22.6783,-3.9836,33.37,6,3,0.69,ML,1715202892
281,pangoa,-12.1167,-73.0,26.33,81,100,0.67,PE,1715202893
282,abu qurqas,27.9312,30.8384,24.35,12,0,3.01,EG,1715202893
283,qarauyl,48.9451,79.255,12.04,61,0,2.71,KZ,1715202697
284,tashtyp,52.7939,89.8983,10.14,75,78,1.95,RU,1715202894
285,ust-nera,64.5667,143.2,1.92,77,100,1.2,RU,1715202895
286,sept-iles,50.2001,-66.3821,8.0,53,98,2.57,CA,1715202796
287,manzhouli,49.6,117.4333,7.16,30,34,3.16,CN,1715202895
288,colonia,50.9333,6.95,13.23,86,0,1.54,DE,1715202796
289,qaqortoq,60.7167,-46.0333,2.1,66,100,1.44,GL,1715202704
290,aripuana,-9.1667,-60.6333,29.22,69,73,0.89,BR,1715202897
291,auki,-8.7676,160.7034,26.09,89,91,2.69,SB,1715202897
292,santa cruz,-17.8,-63.1667,30.2,61,39,6.56,BO,1715202898
293,angarsk,52.5367,103.8864,6.4,54,100,2.17,RU,1715202898
294,pangody,65.85,74.4859,-13.12,100,95,3.54,RU,1715202871
295,loreto,22.2667,-101.9667,33.08,9,100,6.11,MX,1715202846
296,i-n-salah,27.1935,2.4607,31.84,16,61,8.71,DZ,1715202746
297,serov,59.6033,60.5787,7.04,100,100,1.6,RU,1715202900
298,andergrove,-21.0833,149.1833,22.03,83,79,7.98,AU,1715202683
299,carnarvon,-24.8667,113.6333,21.46,54,69,1.79,AU,1715202676
300,puerto san jose,13.9256,-90.8244,31.51,62,56,6.05,GT,1715202749
301,ouesso,1.6136,16.0517,25.11,77,91,1.61,CG,1715202903
302,la sarre,48.8002,-79.1996,12.67,45,100,6.15,CA,1715202903
303,zalingei,12.9096,23.4741,29.65,14,100,3.35,SD,1715202904
304,comodoro rivadavia,-45.8667,-67.5,7.21,57,2,2.29,AR,1715202511
305,aktobe,50.2797,57.2072,11.05,93,75,8.0,KZ,1715202905
306,gargalianoi,37.0667,21.6333,17.42,80,100,2.38,GR,1715202905
307,xique xique,-10.8217,-42.7311,27.88,58,58,2.72,BR,1715202906
308,chonchi,-42.6128,-73.8092,8.95,91,100,3.51,CL,1715202644
309,kargil,34.5667,76.1,2.01,46,1,2.05,IN,1715202907
310,quang ngai,15.1167,108.8,23.04,94,77,2.3,VN,1715202908
311,namdrik,5.5994,168.1028,28.39,80,60,6.75,MH,1715202908
312,izberbash,42.5696,47.8645,19.03,52,100,3.78,RU,1715202909
313,frederikssund,55.8396,12.069,11.66,75,32,0.45,DK,1715202910
314,dagumba-an,8.1531,124.5908,21.59,92,43,1.28,PH,1715202910
315,tenenkou,14.4572,-4.9169,37.93,22,38,4.21,ML,1715202911
316,mahibadhoo,3.7833,72.9667,29.4,72,100,2.96,MV,1715202713
317,soufriere,13.8562,-61.0566,30.81,77,75,7.72,LC,1715202912
318,noumea,-22.2763,166.4572,22.78,99,71,5.74,NC,1715202525
319,labrador city,52.9463,-66.9114,6.77,36,20,5.36,CA,1715202912
320,wangqing,43.3218,129.7634,10.15,62,100,1.24,CN,1715202913
321,douentza,14.9951,-2.9517,36.82,18,20,1.27,ML,1715202913
322,kimbe,-5.5502,150.1429,24.75,97,100,0.8,PG,1715202914
323,afif,23.9065,42.9172,25.74,20,0,4.17,SA,1715202914
324,jamestown,42.097,-79.2353,19.77,66,0,8.6,US,1715202915
325,ha'il,27.5219,41.6907,22.01,21,0,2.06,SA,1715202915
326,crane,31.3974,-102.3501,32.79,9,0,8.5,US,1715202699
327,tatahuicapan,18.2333,-94.75,40.35,18,100,7.4,MX,1715202916
328,kapa'a,22.0752,-159.319,26.99,85,100,4.12,US,1715202668
329,gadzhiyevo,69.2551,33.3362,-5.15,78,98,0.7,RU,1715202917
330,iskateley,67.6803,53.1512,-4.99,88,100,7.15,RU,1715202646
331,palmer,42.1584,-72.3287,24.92,85,75,1.54,US,1715202919
332,san jose,37.3394,-121.895,27.69,23,0,9.26,US,1715202705
333,oranjemund,-28.55,16.4333,14.57,86,1,5.56,NA,1715202920
334,xilin hot,43.9667,116.0333,10.35,22,100,3.74,CN,1715202921
335,vallegrande,-18.4897,-64.1069,23.11,69,2,2.74,BO,1715202676
336,piacabucu,-10.4056,-36.4344,25.49,89,0,3.82,BR,1715202922
337,ugbokpo,7.6565,7.8664,29.46,70,100,3.66,NG,1715202923
338,rouissat,31.9243,5.3502,24.04,38,100,3.09,DZ,1715202884
339,cavalaire-sur-mer,43.174,6.5272,17.07,68,89,1.79,FR,1715202924
340,al hufuf,25.3646,49.5653,27.19,28,0,6.17,SA,1715202924
341,thief river falls,48.1191,-96.1812,21.53,42,20,6.17,US,1715202755
342,chibougamau,49.9168,-74.3659,9.61,48,100,3.52,CA,1715202669
343,yershov,51.3513,48.2766,5.37,58,0,4.37,RU,1715202926
344,tabou,4.423,-7.3528,27.37,83,90,2.68,CI,1715202923
345,dryden,49.7833,-92.7503,18.16,34,0,4.63,CA,1715202900
346,mermoz boabab,14.7065,-17.4758,24.31,88,75,4.12,SN,1715202926
347,dalandzadgad,43.5708,104.425,17.73,33,100,3.93,MN,1715202927
348,hami,42.8,93.45,19.9,32,0,6.23,CN,1715202928
349,huron,41.1501,-82.5499,25.96,35,0,4.96,US,1715202845
350,wanxian,30.8039,108.3897,22.4,73,100,1.25,CN,1715202929
351,baikonur,45.6167,63.3167,18.26,55,3,4.16,KZ,1715202929
352,lata,40.1629,-8.3327,18.29,58,76,1.15,PT,1715202930
353,vila franca do campo,37.7167,-25.4333,18.27,99,36,3.71,PT,1715202930
354,oltinko'l,40.8011,72.1634,24.92,35,97,2.97,UZ,1715202931
355,morioka,39.7036,141.1525,6.93,75,58,0.71,JP,1715202704
356,tucumcari,35.1717,-103.725,26.08,8,0,14.4,US,1715202932
357,axim,4.8699,-2.2405,28.0,82,43,4.28,GH,1715202932
358,faridpur,23.6,89.8333,25.29,75,74,3.04,BD,1715202933
359,kourou,5.1552,-52.6478,29.03,79,74,3.63,GF,1715202933
360,gilgit,35.9221,74.3087,16.31,41,0,2.04,PK,1715202934
361,melfort,52.8667,-104.6177,18.07,34,7,2.57,CA,1715202934
362,palikir - national government center,6.9248,158.1611,28.41,84,100,2.57,FM,1715202674
363,ancud,-41.8697,-73.8203,10.18,84,100,8.19,CL,1715202935
364,acajutla,13.5928,-89.8275,30.88,68,100,3.37,SV,1715202936
365,howard springs,-12.497,131.047,23.95,98,25,2.0,AU,1715202936
366,mbalmayo,3.5167,11.5,20.65,99,100,1.32,CM,1715202937
367,rokupr,8.6717,-12.395,26.84,87,86,2.5,SL,1715202937
368,brookings,44.3114,-96.7984,22.19,30,40,6.17,US,1715202938
369,kilinochchi,9.3961,80.3982,25.49,87,100,2.27,LK,1715202938
370,labytnangi,66.6572,66.4183,-2.57,83,100,6.12,RU,1715202892
371,katsuren-haebaru,26.3369,127.8719,20.22,72,20,2.57,JP,1715202749
372,anloga,5.7947,0.8973,29.51,76,100,5.48,GH,1715202940
373,jagdispur,25.4833,84.4167,28.03,52,13,2.77,IN,1715202940
374,bodo,67.28,14.405,5.02,80,75,6.17,NO,1715202683
375,howrah,22.5892,88.3103,27.0,83,40,0.0,IN,1715202941
376,chukhloma,58.7525,42.6825,-3.28,73,99,2.68,RU,1715202942
377,trujillo,-8.116,-79.03,19.98,83,40,5.66,PE,1715202689
378,polyarnyy,69.1989,33.4478,-5.79,78,90,0.82,RU,1715202696
379,beyneu,45.3167,55.2,14.38,81,100,11.11,KZ,1715202943
380,vilyuysk,63.7553,121.6247,-3.89,95,100,4.02,RU,1715202711
381,turkestan,43.3333,68.25,24.02,41,100,0.87,KZ,1715202944
382,kokuy,52.2037,117.5529,3.98,41,15,1.0,RU,1715202945
383,ulladulla,-35.35,150.4667,15.17,85,93,0.99,AU,1715202946
384,guerrero negro,27.9769,-114.0611,19.37,59,0,8.57,MX,1715202722
385,zhezqazghan,47.7833,67.7667,17.79,59,97,3.4,KZ,1715202947
386,katpur,21.05,71.7833,29.32,62,0,4.82,IN,1715202947
387,maxixe,-23.8597,35.3472,19.76,82,0,2.32,MZ,1715202948
388,san javier,37.8063,-0.8374,18.04,77,82,1.79,ES,1715202948
389,modimolle,-24.7,28.4,17.08,33,0,1.22,ZA,1715202949
390,road town,18.4167,-64.6167,27.02,78,75,3.6,VG,1715202825
391,port douglas,-16.4833,145.4667,24.41,81,95,7.47,AU,1715202669
392,belgrade,44.804,20.4651,16.81,85,0,2.57,RS,1715202534
393,nanzhang chengguanzhen,31.7839,111.8275,19.4,71,100,1.98,CN,1715202951
394,san borja,-14.8167,-66.85,28.34,87,84,1.23,BO,1715202903
395,udaipur,24.5712,73.6918,29.03,29,0,4.68,IN,1715202952
396,benjamin aceval,-24.9667,-57.5667,26.08,89,100,4.32,PY,1715202952
397,essaouira,31.5125,-9.77,18.43,83,94,6.74,MA,1715202682
398,thal,35.4791,72.2439,9.27,45,1,3.1,PK,1715202953
399,millville,39.4021,-75.0393,30.55,42,0,7.2,US,1715202944
400,yinchuan,38.4681,106.2731,19.61,45,4,2.99,CN,1715202954
401,raja,8.4596,25.678,28.78,28,14,1.68,SS,1715202955
402,wuhu,31.3366,118.3755,14.09,85,100,3.44,CN,1715202955
403,nahiyat ash shinafiyah,31.5874,44.6602,25.92,20,0,3.01,IQ,1715202956
404,tadine,-21.55,167.8833,22.58,52,3,7.41,NC,1715202729
405,puerto carreno,6.189,-67.4859,34.04,52,88,1.36,CO,1715202956
406,timimoun,29.2639,0.231,28.21,13,0,5.66,DZ,1715202958
407,kittila,67.6647,24.8936,-0.92,51,0,1.03,FI,1715202728
408,la'ie,21.6477,-157.9253,27.98,71,13,1.79,US,1715202714
409,princeville,45.7668,-61.2985,10.89,78,0,6.17,CA,1715202959
410,bogo,11.0517,124.0055,26.34,84,100,2.43,PH,1715202960
411,al hamul,31.3115,31.1477,17.35,67,21,3.31,EG,1715202961
412,nadi,-17.8,177.4167,26.0,65,20,2.57,FJ,1715202961
413,zapolyarnyy,69.4154,30.8136,-2.4,91,15,0.83,RU,1715202662
414,nevel'sk,46.6733,141.8633,2.9,80,81,5.44,RU,1715202962
415,wielen,52.8946,16.1714,7.96,64,18,2.43,PL,1715202963
416,ayancik,41.9447,34.5861,15.67,68,11,1.6,TR,1715202963
417,shangzhi,45.2167,127.9667,9.78,61,34,4.75,CN,1715202964
418,preobrazheniye,42.9019,133.9064,6.86,76,21,2.74,RU,1715202964
419,rosales,15.8944,120.6328,26.02,81,40,2.67,PH,1715202965
420,big bend,-26.8167,31.9333,18.47,94,3,1.01,SZ,1715202965
421,ebon,4.582,168.6964,28.49,78,23,6.16,MH,1715202966
422,chipinge,-20.1883,32.6236,13.35,73,0,2.09,ZW,1715202966
423,flin flon,54.7682,-101.865,17.91,36,20,2.57,CA,1715202967
424,fort st. john,56.2499,-120.8529,15.94,29,20,10.8,CA,1715202967
425,cova figueira,14.8905,-24.2934,21.14,53,0,4.19,CV,1715202968
426,al mutayrifi,25.4788,49.5576,27.19,30,22,6.47,SA,1715202968
427,kerikeri,-35.2268,173.9474,14.39,78,4,5.36,NZ,1715202969
428,acarau,-2.8856,-40.12,26.49,85,90,3.69,BR,1715202923
429,sinop,41.7711,34.8709,12.51,61,8,3.21,TR,1715202970
430,vorkuta,67.5,64.0,-9.38,93,100,2.24,RU,1715202699
431,kavaratti,10.5669,72.642,30.22,69,92,4.35,IN,1715202875
432,taguatinga,-12.3857,-46.5711,28.8,42,75,1.83,BR,1715202971
433,oliver,49.1831,-119.5524,20.95,18,7,5.14,CA,1715202972
434,pervomayskoye,43.919,46.7102,13.44,81,97,3.51,RU,1715202972
435,basco,20.4487,121.9702,27.13,72,98,12.72,PH,1715202973
436,alesund,62.4723,6.1549,11.51,81,0,3.09,NO,1715202765
437,baoding,38.8511,115.4903,17.06,35,100,3.68,CN,1715202974
438,braintree,51.8782,0.5529,13.22,83,52,0.89,GB,1715202974
439,awjilah,29.1081,21.2869,26.21,14,0,6.09,LY,1715202975
440,sergeyevka,53.88,67.4158,16.93,44,100,7.37,KZ,1715202975
441,inhambane,-23.865,35.3833,20.57,79,0,2.73,MZ,1715202976
442,ketchikan,55.3422,-131.6461,11.3,82,75,6.69,US,1715202976
443,gotsucho,35.0,132.2167,9.6,70,19,1.72,JP,1715202977
444,nova vicosa,-17.8919,-39.3719,25.8,80,0,2.63,BR,1715202977
445,broken hill,-31.95,141.4333,12.58,84,38,4.44,AU,1715202978
446,tocopilla,-22.092,-70.1979,19.66,75,80,2.6,CL,1715202714
447,gamay,12.3854,125.2979,24.66,92,100,1.24,PH,1715202979
448,tepetzintla,21.1667,-97.8333,45.05,18,75,5.8,MX,1715202979
449,medina,24.4686,39.6142,27.24,12,0,1.54,SA,1715202901
450,brisas de zicatela,15.8369,-97.0419,29.92,61,100,5.82,MX,1715202705
451,bol'shoye boldino,55.0059,45.3142,-0.09,90,100,1.52,RU,1715202981
452,wakkanai,45.4094,141.6739,2.72,81,8,4.46,JP,1715202982
453,tsiombe,-25.3,45.4833,20.73,83,0,2.92,MG,1715202982
454,bayanhongor,46.7167,100.1167,6.1,75,53,1.88,MN,1715202983
455,tiassale,5.8983,-4.8283,25.55,96,99,1.69,CI,1715202983
456,hasparren,43.3838,-1.305,14.63,94,75,1.54,FR,1715202984
457,al manshah,26.4769,31.8035,25.7,11,99,2.75,EG,1715202984
458,swift current,50.2834,-107.8014,16.45,59,75,8.75,CA,1715202985
459,zindah jan,34.3426,61.7468,24.11,48,100,8.81,AF,1715202985
460,shiqian,27.5225,108.2281,16.73,95,100,1.04,CN,1715202986
461,debre birhan,9.6833,39.5333,12.45,87,82,1.87,ET,1715202986
462,louhans,46.6667,5.1667,12.94,89,1,0.45,FR,1715202987
463,kalmunai,7.4167,81.8167,27.23,80,100,2.17,LK,1715202988
464,williams lake,52.1415,-122.1445,16.76,33,20,3.6,CA,1715202902
465,swakopmund,-22.6833,14.5333,15.55,84,1,0.89,NA,1715202989
466,luganville,-15.5333,167.1667,24.84,78,96,4.81,VU,1715202989
467,langenargen,47.6,9.55,13.01,89,100,1.54,DE,1715202989
468,centenario do sul,-22.8211,-51.5953,26.94,41,41,2.49,BR,1715202990
469,tralee,52.2704,-9.7026,11.04,85,79,1.76,IE,1715202925
470,savelugu,9.6244,-0.8253,31.99,54,45,4.77,GH,1715202991
471,shadegan,30.6497,48.6647,21.97,27,0,4.7,IR,1715202991
472,caxito,-8.5785,13.6643,23.72,98,42,0.25,AO,1715202992
473,torghay,49.6339,63.4981,17.19,66,46,6.61,KZ,1715202992
474,robertsport,6.7533,-11.3686,28.19,82,98,3.49,LR,1715202993
475,angaur state,6.906,134.13,28.51,76,42,3.63,PW,1715202994
476,temirlanovka,42.5994,69.2633,21.77,52,91,2.46,KZ,1715202994
477,fortaleza,-3.7227,-38.5247,29.56,79,20,4.12,BR,1715202914
478,nabire,-3.3667,135.4833,24.61,90,100,1.05,ID,1715202995
479,tambura,5.6,27.4667,26.37,42,60,1.79,SS,1715202996
480,perryton,36.4,-100.8027,25.11,20,0,0.94,US,1715202996
481,portland,45.5234,-122.6762,20.09,54,20,3.6,US,1715202856
482,xinyuan,37.3,99.0,4.66,62,100,0.91,CN,1715202997
483,zaragoza,41.6561,-0.8773,18.9,52,0,4.63,ES,1715202845
484,taulaga,-11.0553,-171.0883,29.65,75,96,6.05,AS,1715202998
485,ugoofaaru,5.6667,73.0,29.64,73,99,4.26,MV,1715202999
486,kaura namoda,12.5898,6.5779,35.48,17,91,2.91,NG,1715202999
487,qamdo,31.1667,97.2333,5.09,63,100,2.63,CN,1715203000
488,keelung,25.1283,121.7419,21.64,59,100,4.14,TW,1715203000
489,chernyshevsk,52.5243,117.0174,4.1,40,18,0.84,RU,1715203001
490,port moresby,-9.4431,147.1797,24.68,94,100,3.6,PG,1715203001
491,hasaki,35.7333,140.8333,10.22,83,100,10.52,JP,1715203002
492,namibe,-15.1961,12.1522,23.69,64,0,2.89,AO,1715203002
493,mahikeng,-25.8652,25.6442,15.99,48,0,1.54,ZA,1715203002
494,barra do bugres,-15.0725,-57.1811,30.6,57,24,1.14,BR,1715203004
495,kavieng,-2.5744,150.7967,28.48,81,92,5.44,PG,1715203004
496,rosalie,15.3667,-61.2667,27.88,76,98,4.49,DM,1715203005
497,saint-pierre,-21.3393,55.4781,23.82,64,40,6.69,RE,1715203005
498,nuku'alofa,-21.1333,-175.2,26.19,73,75,4.12,TO,1715203006
499,antsiranana,-12.2787,49.2917,24.5,78,100,8.08,MG,1715203007
500,kamiiso,41.8167,140.65,6.21,75,100,1.54,JP,1715203007
501,agat village,13.3886,144.6585,28.06,87,100,4.12,GU,1715203008
502,shitanjing,39.2342,106.3439,15.78,54,10,5.69,CN,1715203008
503,faya-largeau,17.9257,19.1043,34.68,13,6,4.58,TD,1715203009
504,kirensk,57.7853,108.1119,6.09,70,100,0.89,RU,1715203009
505,acapulco de juarez,16.8634,-99.8901,28.9,70,100,5.14,MX,1715202883
506,boticas,41.6758,-7.716,15.08,56,22,0.31,PT,1715203010
507,katabu,-4.9333,122.5167,23.44,96,79,1.63,ID,1715203011
508,zwedru,6.0667,-8.1281,24.8,95,99,1.4,LR,1715203011
509,benjamin constant,-4.3831,-70.0311,33.07,66,20,2.06,BR,1715203012
510,newman,37.3138,-121.0208,25.08,27,0,6.26,US,1715203012
511,grand-lahou,5.1367,-5.0242,27.88,82,99,4.53,CI,1715203013
512,adrar,20.5022,-10.0711,32.91,6,3,3.02,MR,1715203013
513,arno,60.1167,18.6333,2.66,95,100,2.41,SE,1715203014
514,shiguai,40.7058,110.2856,16.19,40,20,1.87,CN,1715203014
515,nanakuli,21.3906,-158.1547,27.97,61,40,4.63,US,1715203015
516,northam,51.0333,-4.2167,12.36,88,99,0.84,GB,1715203015
517,alofi,-19.0595,-169.9187,25.94,94,75,0.51,NU,1715203016
518,hacienda huancane,-15.8222,-70.8856,9.97,51,71,2.46,PE,1715203016
519,tosontsengel,48.7567,98.2839,6.41,92,97,1.55,MN,1715203018
520,marsabit,2.3284,37.9899,19.11,78,44,8.75,KE,1715203018
521,luanda,-8.8368,13.2343,27.0,90,100,3.6,AO,1715202869
522,port alfred,-33.5906,26.891,17.88,98,100,0.45,ZA,1715203019
523,marsh harbour,26.5412,-77.0636,25.11,69,0,5.97,BS,1715203019
524,morondava,-20.2833,44.2833,24.33,65,0,4.34,MG,1715203020
525,tindouf,27.6711,-8.1474,31.77,9,49,6.11,DZ,1715202722
526,karratha,-20.7377,116.8463,23.12,65,0,3.07,AU,1715203021
527,the pas,53.8251,-101.2541,16.01,44,0,4.12,CA,1715202961
528,beidaihehaibin,39.8222,119.5181,16.45,45,44,2.14,CN,1715203022
529,bangassou,4.7413,22.8184,29.13,41,96,0.49,CF,1715203023
530,kabare,-2.4683,28.8242,17.28,98,100,0.54,CD,1715203023
531,side,36.7667,31.3885,18.32,71,22,0.86,TR,1715203024
532,santana,-0.0583,-51.1817,29.1,79,40,2.06,BR,1715202905
533,puerto deseado,-47.7503,-65.8938,5.97,63,11,0.74,AR,1715202987
534,smidovich,48.6,133.8167,10.31,75,100,6.19,RU,1715203025
535,villamuriel de cerrato,41.9547,-4.506,13.7,75,27,3.73,ES,1715203026
536,lorengau,-2.0226,147.2712,27.72,82,100,5.82,PG,1715202930
537,al kharj,24.155,47.3346,20.32,27,4,7.51,SA,1715202832
538,bilicenii vechi,47.6564,28.0472,11.11,56,100,1.4,MD,1715203027
539,griffith,41.5284,-87.4237,29.06,40,0,5.66,US,1715202978
540,remire-montjoly,4.9167,-52.2667,29.02,74,40,2.57,GF,1715203028
541,namsos,64.4662,11.4957,5.95,87,20,4.12,NO,1715202943
542,kayangel,8.0823,134.7173,28.74,75,54,5.93,PW,1715203029
543,mpongwe,-13.5091,28.155,16.69,64,63,2.54,ZM,1715203030
544,kilju,40.9642,129.3278,10.8,61,70,1.39,KP,1715203030
545,onguday,50.75,86.15,7.51,77,2,0.81,RU,1715203031
546,rikaze,29.25,88.8833,6.41,44,96,2.46,CN,1715203031
547,petrozavodsk,61.7849,34.3469,-0.83,51,40,8.94,RU,1715203022
548,tubarjal,30.4999,38.216,21.74,12,0,3.62,SA,1715203032
549,argo,37.6333,22.7333,16.07,80,100,1.01,GR,1715203033
550,champerico,14.3,-91.9167,31.04,63,61,5.83,GT,1715203033
551,puerto aysen,-45.4,-72.7,5.21,100,100,1.1,CL,1715203034
552,jamalpur,24.9167,89.9333,22.36,66,97,1.99,BD,1715203034
553,los teques,10.3445,-67.0433,23.56,55,100,0.73,VE,1715202996
554,pacific grove,36.6177,-121.9166,24.69,47,0,2.24,US,1715203035
555,pingyi,35.5006,117.6308,14.56,54,100,1.81,CN,1715203036
556,trairi,-3.2778,-39.2689,25.58,92,99,2.83,BR,1715202951
557,nyurba,63.2842,118.3319,-3.41,93,97,3.03,RU,1715203037
558,malabar,-33.9667,151.25,15.84,92,75,3.6,AU,1715203037
559,cassia,-20.5831,-46.9219,21.93,55,0,0.72,BR,1715203038
560,lagodekhi,41.8268,46.2767,13.5,93,100,0.37,GE,1715203038
561,ixtapa,20.7,-105.2,26.57,74,40,6.69,MX,1715203039
562,santa elena de uairen,4.6167,-61.1333,24.96,70,99,3.11,VE,1715203039
563,karlskoga,59.3267,14.5239,3.73,95,100,2.83,SE,1715203040
564,kabale,-1.2486,29.9899,15.64,97,100,1.31,UG,1715203040
565,prado,-17.3411,-39.2208,25.46,82,0,2.14,BR,1715202902
566,gaddi annaram,17.3669,78.5242,27.79,74,40,3.09,IN,1715203042
567,salinas,36.6777,-121.6555,28.88,42,0,4.63,US,1715203019
568,bermeo,43.4209,-2.7215,15.33,86,75,2.02,ES,1715203043
569,kars,40.602,43.095,2.25,80,0,3.09,TR,1715203043
570,letlhakane,-21.4167,25.5833,18.46,30,0,4.64,BW,1715202873
571,proszowice,50.1927,20.2891,12.1,76,100,3.04,PL,1715203044
572,eaton rapids,42.5092,-84.6558,25.14,38,0,5.66,US,1715202867
573,al jawf,29.5,38.75,21.94,16,0,4.67,SA,1715203045
574,margate,51.3813,1.3862,11.06,88,100,0.89,GB,1715203046
575,shahrud,36.4182,54.9763,13.68,67,45,6.58,IR,1715203046
576,camiri,-20.05,-63.5167,27.88,61,100,2.57,BO,1715203047
577,as saffaniyah,27.9708,48.73,26.2,51,0,6.04,SA,1715203047
578,chinde,26.8418,88.0763,15.88,61,5,2.83,NP,1715203048
579,sanandrei,45.8531,21.1681,15.67,100,0,3.09,RO,1715203048
580,revda,56.801,59.9303,9.29,99,100,1.59,RU,1715203048
581,jiwani,25.05,61.7417,28.68,69,0,1.85,PK,1715203049
582,priozersk,61.0393,30.1291,0.05,70,88,2.98,RU,1715203049
583,urengoy,65.9667,78.3667,-9.77,97,91,3.25,RU,1715203050
